url;name;price;image;available
http://be-strong.info/tovary/product/view/17/50;БОЛДАВЕР 200 10 ml x 200 mg/ml (VERMODJE, Молдова) (Код: );1700.0;;
http://be-strong.info/tovary/product/view/11/14;Turinabol - 100 tab х 10 mg/tab (SC Balkan Pharmaceuticals SRL, Молдова) (Код: );1600.0;;
http://be-strong.info/tovary/product/view/12/25;TESTOGED P 100 10 ml x 100 mg/ml Golden Dragon HK China (Код: );900.0;;
http://be-strong.info/tovary/product/view/9/10;Anapolon - 100 tab х 50 mg/tab (SC Balkan Pharmaceuticals SRL, Молдова) (Код: );2800.0;;
http://be-strong.info/tovary/product/view/25/93;hexarelin 2mg China (Код: );320.0;;
http://be-strong.info/tovary/product/view/9/9;АНДРОВЕР 50 - 100 tab х 50 mg/tab (VERMODJE, Молдова) (Код: );2500.0;;
http://be-strong.info/tovary/product/view/18/58;Trenaver Ас - 5 amp x 100 mg/ml (VERMODJE, Молдова) (Код: );1250.0;;
http://be-strong.info/tovary/product/view/16/48;СТАНОВЕР 50 - 5 amp x 50 mg/ml (VERMODJE, Молдова) (Код: );950.0;;
http://be-strong.info/tovary/product/view/25/90;HGH 176-191 2mg China (Код: );330.0;;
http://be-strong.info/tovary/product/view/16/47;СТАНОВЕР 50 10 ml x 50 mg/ml (VERMODJE, Молдова) (Код: );1600.0;;
http://be-strong.info/tovary/product/view/21/73;Tamox-ver - 25tab x 10 mg/tab (VERMODJE, Молдова) (Код: );350.0;;
http://be-strong.info/tovary/product/view/16/112;STANOZOLOL - 10ml x 50mg/ml (Radjay HealthCare and Pharmaceutical, India) (Код: );1700.0;;
http://be-strong.info/tovary/product/view/13/99;Test-mix - 10ml x 250mg/ml (Radjay HealthCare and Pharmaceutical, India) (Код: );1450.0;;
http://be-strong.info/tovary/product/view/14/36;MASTOGED 100 10 ml x 100 mg/ml Golden Dragon HK China (Код: );1800.0;;
http://be-strong.info/tovary/product/view/14/113;DROSTANOLONE PROPIONATE - 10ml x 100mg/ml (Radjay HealthCare and Pharmaceutical, India) (Код: );1900.0;;
http://be-strong.info/tovary/product/view/18/65;Tren-mix 10ml x 200mg/ml (Radjay HealthCare and Pharmaceutical, India) (Код: );3100.0;;
http://be-strong.info/tovary/product/view/13/29;СУСТАВЕР 250 - 10 ml x 250 mg/ml (VERMODJE Молдова) (Код: );1300.0;;
http://be-strong.info/tovary/product/view/25/92;ipamorelin 2mg China (Код: );320.0;;
http://be-strong.info/tovary/product/view/20/106;Provimed - 20 tab x 50 mg/tab (SC Balkan Pharmaceutical s SRL, Молдова) (Код: );1100.0;;
http://be-strong.info/tovary/product/view/8/6;СТАНОВЕР - 100 tab x 10mg/tab (VERMODJE, Молдова) (Код: );700.0;;
http://be-strong.info/tovary/product/view/13/31;Sustamed 250 - 5 amp x 250 mg/ml (SC Balkan Pharmaceuticals SRL, Молдова) (Код: );865.0;;
http://be-strong.info/tovary/product/view/17/53;BOLDOOGED 250 10 ml x 250 mg/ml (Golden Dragon HK China) (Код: );1700.0;;
http://be-strong.info/tovary/product/view/12/23;Testosterona С - 5 amp x 200 mg/ml (SC Balkan Pharmaceuticals SRL, Молдова) (Код: );865.0;;
http://be-strong.info/tovary/product/view/15/114;NANDROLONE DECANOATE - 10ml x 250mg/ml (Radjay HealthCare and Pharmaceutical, India) (Код: );1900.0;;
http://be-strong.info/tovary/product/view/22/77;Citover - 25 tab х 0,05 mg/tab (VERMODJE, Молдова) (Код: );350.0;;
http://be-strong.info/tovary/product/view/15/42;Фенилвер 5 amp x 100 mg/ml (VERMODJE, Молдова) (Код: );825.0;;
http://be-strong.info/tovary/product/view/19/69;PRIMOGED 100 10 ml x 100 mg/ml (Golden Dragon HK China) (Код: );3000.0;;
http://be-strong.info/tovary/product/view/25/84;CJC1295 2mg China (Код: );450.0;;
http://be-strong.info/tovary/product/view/11/12;ТУРИНАВЕР -100 tab х 10 mg/tab (VERMODJE, Молдова) (Код: );1400.0;;
http://be-strong.info/tovary/product/view/24/80;Ansomon 10vial*10 ME China (Код: );6700.0;;
http://be-strong.info/tovary/product/view/5/3;DANABOL - 100 tab х 10 mg/tab (SC Balkan Pharmaceutical s SRL, Молдова) (Код: );800.0;;
http://be-strong.info/tovary/product/view/8/8;Stromboford - 100 tab x 10mg/tab (SC Balkan Pharmaceuticals SRL, Молдова) (Код: );800.0;;
http://be-strong.info/tovary/product/view/15/43;Nandrolone D - 5 amp x 200 mg/ml (SC Balkan Pharmaceuticals SRL, Молдова) (Код: );1200.0;;
http://be-strong.info/tovary/product/view/20/70;Proviron-ver - 25 tab х 50 mg/tab (VERMODJE, Молдова) (Код: );900.0;;
http://be-strong.info/tovary/product/view/25/94;sermolein 2mg China (Код: );320.0;;
http://be-strong.info/tovary/product/view/15/41;Фенилвер 10 ml x 100 mg/ml (VERMODJE, Молдова) (Код: );1300.0;;
http://be-strong.info/tovary/product/view/19/66;Primover 10 ml x 100 mg/ml (VERMODJE, Молдова) (Код: );3000.0;;
http://be-strong.info/tovary/product/view/12/22;Testosterona E - 5 amp x 250 mg/ml (SC Balkan Pharmaceuticals SRL, Молдова) (Код: );865.0;;
http://be-strong.info/tovary/product/view/15/44;NANDROGED 250 10 ml x 250 mg/ml Golden Dragon HK China (Код: );1900.0;;
http://be-strong.info/tovary/product/view/24/81;Hygetropin 10vial*10 ME China (Код: );6000.0;;
http://be-strong.info/tovary/product/view/20/71;Anastrozol-ver - 25 tab x 1mg/tab (VERMODJE, Молдова) (Код: );900.0;;
http://be-strong.info/tovary/product/view/12/104;Aquatest - 5 amp x 100 mg/ml (SC Balkan Pharmaceuticals SRL, Молдова) (Код: );1250.0;;
http://be-strong.info/tovary/product/view/10/11;Oксавер - 100 tab x 10 mg (VERMODJE, Молдова) (Код: );2500.0;;
http://be-strong.info/tovary/product/view/18/63;TRY-TRENOGED 150 10 ml x 150 mg/ml Golden Dragon HK China (Код: );3000.0;;
http://be-strong.info/tovary/product/view/25/86;Melanotan II 10mg China (Код: );550.0;;
http://be-strong.info/tovary/product/view/25/87;MGF 2mg China (Код: );300.0;;
http://be-strong.info/tovary/product/view/15/100;Nandrolone F - 5 amp x 100 mg/ml (SC Balkan Pharmaceuticals SRL, Молдова) (Код: );865.0;;
http://be-strong.info/tovary/product/view/18/111;TRENBOLONE A - 10ml x 100mg/ml (Radjay HealthCare and Pharmaceutical, India) (Код: );2100.0;;
http://be-strong.info/tovary/product/view/12/109;TESTOSTERONE P - 10ml x 100mg/ml (Radjay HealthCare and Pharmaceutical, India) (Код: );900.0;;
http://be-strong.info/tovary/product/view/25/85;CJC1295 DAC 2mg China (Код: );700.0;;
http://be-strong.info/tovary/product/view/22/76;Clenbuterol-ver - 100 tab х 40 mkg/tab (VERMODJE, Молдова) (Код: );600.0;;
http://be-strong.info/tovary/product/view/13/34;SUSTAGED 250 10 ml x 250 mg/ml Golden Dragon HK China (Код: );1300.0;;
http://be-strong.info/tovary/product/view/12/20;ТЕСТОВЕР Е 250 5 amp x 250 mg/ml ( VERMODJE, Молдова) (Код: );825.0;;
http://be-strong.info/tovary/product/view/5/95;Methandienone Injectable 10ml x 100mg/ml (Radjay HealthCare and Pharmaceutical, India) (Код: );1000.0;;
http://be-strong.info/tovary/product/view/12/110;TESTOSTERONE Е - 10ml x 250mg/ml (Radjay HealthCare and Pharmaceutical, India) (Код: );1400.0;;
http://be-strong.info/tovary/product/view/25/83;GHRP 6 5mg China (Код: );300.0;;
http://be-strong.info/tovary/product/view/18/107;Parabolan 5 amp x 100 mg/ml (SC Balkan Pharmaceutical s SRL, Молдова) (Код: );1600.0;;
http://be-strong.info/tovary/product/view/19/67;Primover - 5 amp x 100 mg/ml (VERMODJE, Молдова) (Код: );1700.0;;
http://be-strong.info/tovary/product/view/16/105;Strombaject Aqua - 5 amp x 50mg/ml (SC Balkan Pharmaceuticals SRL, Молдова) (Код: );1250.0;;
http://be-strong.info/tovary/product/view/12/27;TESTOGED C 200 10 ml x 200 mg/ml Golden Dragon HK China (Код: );1300.0;;
http://be-strong.info/tovary/product/view/26/46;Star-mix - 10ml x 300mg/ml (Radjay HealthCare and Pharmaceutical, India) (Код: );2200.0;;
http://be-strong.info/tovary/product/view/12/15;ТЕСТОВЕР Р 100 - 10 ml x 100 mg/ml ( VERMODJE, Молдова) (Код: );850.0;;
http://be-strong.info/tovary/product/view/17/51;БОЛДАВЕР 200 - 5 amp x 200 mg/ml boldenone undecylenate (VERMODJE, Молдова) (Код: );1005.0;;
http://be-strong.info/tovary/product/view/13/28;СУСТАВЕР 250 - 5 amp x 250 mg/ml (VERMODJE Молдова) (Код: );825.0;;
http://be-strong.info/tovary/product/view/21/72;Clomed-ver - 25 tab х 50 mg/tab (VERMODJE, Молдова) (Код: );850.0;;
http://be-strong.info/tovary/product/view/15/39;ДЕКАВЕР 250 5 amp x 250 mg/ml (VERMODJE, Молдова) (Код: );1100.0;;
http://be-strong.info/tovary/product/view/12/24;Testosterone P - 5 amp x 100 mg/ml (SC Balkan Pharmaceuticals SRL, Молдова) (Код: );550.0;;
http://be-strong.info/tovary/product/view/26/108;Neo-mix - 10ml x 500mg/ml (Radjay HealthCare and Pharmaceutical, India) (Код: );3000.0;;
http://be-strong.info/tovary/product/view/18/64;TRENOOGED A 100 10 ml x 100 mg/ml (Golden Dragon HK China) (Код: );2000.0;;
http://be-strong.info/tovary/product/view/18/56;Trenaver Е 10 ml x 200 mg/ml (VERMODJE, Молдова) (Код: );3000.0;;
http://be-strong.info/tovary/product/view/15/45;NANDROGED PH. 100 - 10 ml x 100 mg/ml (Golden Dragon HK China) (Код: );1300.0;;
http://be-strong.info/tovary/product/view/18/55;Trenaver Hex 10 ml x 100 mg/ml (VERMODJE, Молдова) (Код: );3000.0;;
http://be-strong.info/tovary/product/view/12/19;ТЕСТОВЕР Е 250 10 ml x 250 mg/ml ( VERMODJE, Молдова) (Код: );1300.0;;
http://be-strong.info/tovary/product/view/16/49;STROMBOGED 50 - 10 ml x 50 mg/ml (Golden Dragon HK China) (Код: );1600.0;;
http://be-strong.info/tovary/product/view/25/89;Peg MGF 2mg China (Код: );700.0;;
http://be-strong.info/tovary/product/view/25/91;Gonadorelin 2mg China (Код: );300.0;;
http://be-strong.info/tovary/product/view/12/26;TESTOGED E 250 10 ml x 250 mg/ml Golden Dragon HK China (Код: );1300.0;;
http://be-strong.info/tovary/product/view/5/103;Dianoged Golden Dragon HK China 10ml/100 mg (Код: );1000.0;;
http://be-strong.info/tovary/product/view/24/79;Gintropin 10vial*10 ME China (Код: );5400.0;;
http://be-strong.info/tovary/product/view/18/59;Trenaver Е - 5 amp x 200 mg/ml (VERMODJE, Молдова) (Код: );1550.0;;
http://be-strong.info/tovary/product/view/18/54;Trenaver Ac 10 ml x 100 mg/ml (VERMODJE, Молдова) (Код: );2000.0;;
http://be-strong.info/tovary/product/view/7/5;Metiltestosterone-ver - 100 tab х 25 mg/tab (VERMODJE, Молдова) (Код: );1000.0;;
http://be-strong.info/tovary/product/view/18/57;Tri Tren 10 ml x 200 mg/ml (VERMODJE, Молдова) (Код: );3000.0;;
http://be-strong.info/tovary/product/view/14/101;Mastever - 10 ml x 100 mg/ml (VERMODJE Молдова) (Код: );1800.0;;
http://be-strong.info/tovary/product/view/22/75;Clenbuterol 100 tab х 40 mkg/tab (SC Balkan Pharmaceuticals SRL, Молдова) (Код: );650.0;;
http://be-strong.info/tovary/product/view/5/2;Naposim - 100 tab х 10 mg/tab (VERMODJE, Молдова) (Код: );700.0;;
http://be-strong.info/tovary/product/view/25/82;GHRP 2 5mg China (Код: );300.0;;
http://be-strong.info/tovary/product/view/15/38;ДЕКАВЕР 250 10 ml x 250 mg/ml (VERMODJE, Молдова) (Код: );1900.0;;
