url;name;price;image;available;category
http://pepbar.ru/index.php?route=product/product&product_id=91;Diablos ECA Fire Caps;3190.0;http://pepbar.ru/image/cache/data/Tovar/diabloshyperburn-60-innovative-labs-100--500x500.jpg;1;Модель: Diablos ECA Fire Caps Наличие: Есть в наличии
http://pepbar.ru/levitra;Левитра;120.0;http://pepbar.ru/image/cache/data/Tovar/levitra-small-500x500.jpg;0;Модель: Levitra Наличие: В наличии
http://pepbar.ru/black-spider;Black spider;2700.0;http://pepbar.ru/image/cache/data/Tovar/cloma-pharma-laboratories-black-spider-100-caps-hard-series-500x500.jpg;1;Модель: 100 кап. Наличие: Есть в наличии
http://pepbar.ru/index.php?route=product/product&product_id=99;DES(1-3)IGF;900.0;http://pepbar.ru/image/cache/data/Tovar/DES(1-3)IGF-500x500.jpg;0;Модель: DES(1-3)IGF Наличие: Нет в наличии
http://pepbar.ru/cjc-1295-with-dac;CJC 1295 with DAC (2mg);950.0;http://pepbar.ru/image/cache/data/Tovar/CJC-1295-with-dac-500x500.jpg;1;Модель: CJC-1295-with-DAC Наличие: Есть в наличии
http://pepbar.ru/ghrp-6;GHRP-6 (5mg);350.0;http://pepbar.ru/image/cache/data/Tovar/GHRP-6-500x500.jpg;1;Модель: GHRP-6 Наличие: Есть в наличии
http://pepbar.ru/klenbuterol;Кленбутерол 100 таб.;600.0;http://pepbar.ru/image/cache/data/Tovar/clenbuterol-500x500-500x500.jpg;0;Модель: Кленбутерол Наличие: Нет в наличии
http://pepbar.ru/index.php?route=product/product&product_id=96;Vigour 800;600.0;http://pepbar.ru/image/cache/data/Tovar/vigour_800-500x500-500x500.jpg;0;Модель: Vigour 800 Наличие: Нет в наличии
http://pepbar.ru/dmma;Экстракт герани (1,3-диметиламиламин - DMAA);300.0;http://pepbar.ru/image/cache/data/Tovar/ur7I5-ZP-qc-500x500.jpg;1;Модель: 10 таб. Наличие: Есть в наличии
http://pepbar.ru/cjc-1295;CJC 1295 (2mg);550.0;http://pepbar.ru/image/cache/data/Tovar/CJC-1295-500x500.jpg;1;Модель: CJC-1295 Наличие: Есть в наличии
http://pepbar.ru/index.php?route=product/product&product_id=104;Метилдрен;2500.0;http://pepbar.ru/image/cache/data/Tovar/Pepbar.ru-MethylDrene-25---ECA-Stack---100-capsules-33-500x500.jpg;1;Модель: 100 кап. Наличие: Есть в наличии
http://pepbar.ru/index.php?route=product/product&product_id=87;HGH frag 176-191 (2mg);450.0;http://pepbar.ru/image/cache/data/Tovar/HGH176-191-2-500x500.jpg;0;Модель: HGH-frag-176-191-2mg Наличие: Нет в наличии
http://pepbar.ru/index.php?route=product/product&product_id=95;Кломид;950.0;http://pepbar.ru/image/cache/data/Tovar/5440_0-320x320-500x500.JPG;0;Модель: Кломид Наличие: В наличии
http://pepbar.ru/hellfire;Hell fire;3490.0;http://pepbar.ru/image/cache/data/Tovar/Hellfire EPH 150-500x500-500x500.JPG;1;Модель: Hell fire Наличие: Есть в наличии
http://pepbar.ru/сardarol ;Cardarol;2500.0;http://pepbar.ru/image/cache/data/Tovar/_OBlt9hoqBI-500x500.jpg;1;Модель: 30 кап. Наличие: Есть в наличии
http://pepbar.ru/tb500;TB500 (2mg);500.0;http://pepbar.ru/image/cache/data/Tovar/tb-500-500x500.jpg;1;Модель: TB500 Наличие: Есть в наличии
http://pepbar.ru/index.php?route=product/product&product_id=86;PT-141 (10mg);850.0;http://pepbar.ru/image/cache/data/Tovar/pt-141-500x500.jpg;1;Модель: PT-141 Наличие: Есть в наличии
http://pepbar.ru/index.php?route=product/product&product_id=93;Кленбутерол 200 таб;1300.0;http://pepbar.ru/image/cache/data/Tovar/clenbuterol-500x500.jpg;1;Модель: Кленбутерол Наличие: Есть в наличии
http://pepbar.ru/melanotan-2-spray;Меланотан 2 (спрей) (20mg);1500.0;http://pepbar.ru/image/cache/data/Tovar/nasalspray__28747_zoom-500x500.jpg;0;Модель: Melanotan-2-spray Наличие: Нет в наличии
http://pepbar.ru/index.php?route=product/product&product_id=98;Анастразол 1 мг 20 таб.;1200.0;http://pepbar.ru/image/cache/data/Tovar/anastrozol-300x199-500x500-500x500.jpg;1;Модель: Анастразол 1 мг Наличие: Есть в наличии
http://pepbar.ru/haygetropin;Хайгетропин;690.0;http://pepbar.ru/image/cache/data/Tovar/hygetropin-500x500.jpg;0;Модель: Hygetropin Наличие: Нет в наличии
http://pepbar.ru/ostarol;Ostarol;2500.0;http://pepbar.ru/image/cache/data/Tovar/остарол-500x500.jpg;1;Модель: Ostarine mk 2866 Наличие: Есть в наличии
http://pepbar.ru/index.php?route=product/product&product_id=101;IGF-1-L3;1500.0;http://pepbar.ru/image/cache/data/Tovar/IGF-1-L3-500x500.jpg;1;Модель: IGF-1-L3 Наличие: Есть в наличии
http://pepbar.ru/ipamorelin;Ipamorelin (5mg);700.0;http://pepbar.ru/image/cache/data/Tovar/ipamorelin-500x500.jpg;1;Модель: ipamorelin Наличие: Есть в наличии
http://pepbar.ru/peg-mgf;PEG MGF (2mg);950.0;http://pepbar.ru/image/cache/data/Tovar/PEG-MGF-500x500.jpg;1;Модель: PEG-MGF Наличие: Есть в наличии
http://pepbar.ru/black-mamba;Black Mamba;3190.0;http://pepbar.ru/image/cache/data/Tovar/post-23362-1352887505-500x500.jpg;1;Модель: BlackMamba Наличие: Есть в наличии
http://pepbar.ru/ansomone;Ансомон;7500.0;http://pepbar.ru/image/cache/data/Tovar/1383402667_ansomone-700x700-500x500.jpg;1;Модель: 10 флаконов по 10 ед Наличие: Есть в наличии
http://pepbar.ru/oxyelite-pro;OxyELITE Pro;2450.0;http://pepbar.ru/image/cache/data/Tovar/USP_oxy_elite_pro-500x500.jpg;0;Модель: USPlabs Наличие: Нет в наличии
http://pepbar.ru/jack3d;Jack3d;2500.0;http://pepbar.ru/image/cache/data/Tovar/джек 3д-500x500.jpg;1;Модель: USPlabs Наличие: Есть в наличии
http://pepbar.ru/index.php?route=product/product&product_id=100;Follistatin;3000.0;http://pepbar.ru/image/cache/data/Tovar/Follistatin-500x500.jpg;1;Модель: Follistatin Наличие: Есть в наличии
http://pepbar.ru/hexarelin;Hexarelin (5mg);1100.0;http://pepbar.ru/image/cache/data/Tovar/hexarelin-500x500.jpg;0;Модель: Hexarelin Наличие: Нет в наличии
http://pepbar.ru/kigtropin;Кигтропин;550.0;http://pepbar.ru/image/cache/data/Tovar/kigtopin1-500x500.jpg;0;Модель: Kigtropin Наличие: Нет в наличии
http://pepbar.ru/cialis;Сиалис;120.0;http://pepbar.ru/image/cache/data/Tovar/sialis-dzhenerik-1-tabletka-20-mg-075a3e-500x500.png;0;Модель: Cialis Наличие: Нет в наличии
http://pepbar.ru/hgh-frag-176-191;HGH frag176-191 (5mg);850.0;http://pepbar.ru/image/cache/data/Tovar/HGH176-191-5-500x500.jpg;1;Модель: HGH-frag-176-191-5mg Наличие: Есть в наличии
http://pepbar.ru/melanotan-2;Меланотан 2 (10mg);800.0;http://pepbar.ru/image/cache/data/Tovar/Melanotan2-500x500.jpg;1;Модель: Melanotan-2 Наличие: Есть в наличии
http://pepbar.ru/dsip;DSIP (1mg);350.0;http://pepbar.ru/image/cache/data/Tovar/DSIP-500x500.jpg;1;Модель: DSIP Наличие: Есть в наличии
http://pepbar.ru/viagra;Виагра;120.0;http://pepbar.ru/image/cache/data/Tovar/05-240x240-500x500.JPG;0;Модель: Viagra Наличие: Нет в наличии
http://pepbar.ru/index.php?route=product/product&product_id=97;Эскулап 5 таб;500.0;http://pepbar.ru/image/cache/data/Tovar/esculap20-500x500.jpg;1;Модель: Тадалафил 20 мг Наличие: Есть в наличии
http://pepbar.ru/ghrp-2;GHRP-2 (5mg);350.0;http://pepbar.ru/image/cache/data/Tovar/GHRP-2-500x500.jpg;1;Модель: GHRP-2 Наличие: Есть в наличии
http://pepbar.ru/mgf;MGF (2mg);350.0;http://pepbar.ru/image/cache/data/Tovar/mgf-500x500.jpg;0;Модель: MGF Наличие: Нет в наличии
http://pepbar.ru/jintropin;Джинтропин реплика;4900.0;http://pepbar.ru/image/cache/data/Tovar/jintropin-500x500.jpg;0;Модель: 10 флаконов по 10 ед Наличие: В наличии
http://pepbar.ru/ginseng-kianpi-pil;GINSENG KIANPI PIL;1200.0;http://pepbar.ru/image/cache/data/Tovar/3AJuROILPsg-500x500.jpg;1;Модель: GINSENG-KIANPI-PIL Наличие: Есть в наличии
http://pepbar.ru/gonadorelin;Gonadorelin (2mg);400.0;http://pepbar.ru/image/cache/data/Tovar/Gonadorelin-500x500.jpg;1;Модель: Gonadorelin Наличие: Есть в наличии
http://pepbar.ru/methyldrene_elite;MethylDrene 25 Elite;2500.0;http://pepbar.ru/image/cache/data/Tovar/метилдрен элит-500x500.jpg;1;Модель: 100 кап. Наличие: Есть в наличии
http://pepbar.ru/azia_black;Asia Black;2600.0;http://pepbar.ru/image/cache/data/Tovar/азия-500x500.jpg;1;Модель: 100 кап. Наличие: Есть в наличии
http://pepbar.ru/сhina_white;China White;2500.0;http://pepbar.ru/image/cache/data/Tovar/54-500x500.jpg;1;Модель: 100 таб Наличие: Есть в наличии
